cos(x),0.1
0.0,1.0
0.1,0.9950041652780258
0.2,0.9800665778412416
0.3,0.955336489125606
0.4,0.9210609940028851
0.5,0.8775825618903728
0.6,0.8253356149096783
0.7,0.7648421872844885
0.8,0.6967067093471654
0.9,0.6216099682706644
1.0,0.5403023058681398
1.1,0.4535961214255773
1.2,0.3623577544766736
1.3,0.26749882862458735
1.4,0.16996714290024104
1.5,0.0707372016677029
1.57,0.0007963267107332633